id_tiempo,fecha,año,semestre,trimestre,mes,nombre_mes,quincena_mes,quincena_anio,semana_del_anio,semana_del_mes,dia_del_año,dia_del_mes,dia_de_semana,nombre_dia,dia_festivo,dia_fin_de_semana
t001,2023-01-01,2023,1,1,1,enero,1,1,1,1,1,1,7,domingo,1,1
t002,2023-01-02,2023,1,1,1,enero,1,1,1,1,2,2,1,lunes,0,0
t003,2023-01-03,2023,1,1,1,enero,1,1,1,1,3,3,2,martes,0,0
t004,2023-01-04,2023,1,1,1,enero,1,1,1,1,4,4,3,miércoles,0,0
t005,2023-01-05,2023,1,1,1,enero,1,1,1,1,5,5,4,jueves,0,0
t006,2023-01-06,2023,1,1,1,enero,1,1,1,1,6,6,5,viernes,0,0
t007,2023-01-07,2023,1,1,1,enero,1,1,1,1,7,7,6,sábado,0,1
t008,2023-01-08,2023,1,1,1,enero,1,1,2,2,8,8,7,domingo,0,1
t009,2023-01-09,2023,1,1,1,enero,1,1,2,2,9,9,1,lunes,0,0
t010,2023-01-10,2023,1,1,1,enero,1,1,2,2,10,10,2,martes,0,0
t011,2023-01-11,2023,1,1,1,enero,1,1,2,2,11,11,3,miércoles,0,0
t012,2023-01-12,2023,1,1,1,enero,1,1,2,2,12,12,4,jueves,0,0
t013,2023-01-13,2023,1,1,1,enero,1,1,2,2,13,13,5,viernes,0,0
t014,2023-01-14,2023,1,1,1,enero,1,1,2,2,14,14,6,sábado,0,1
t015,2023-01-15,2023,1,1,1,enero,1,1,3,3,15,15,7,domingo,0,1
t016,2023-01-16,2023,1,1,1,enero,2,2,3,3,16,16,1,lunes,0,0
t017,2023-01-17,2023,1,1,1,enero,2,2,3,3,17,17,2,martes,0,0
t018,2023-01-18,2023,1,1,1,enero,2,2,3,3,18,18,3,miércoles,0,0
t019,2023-01-19,2023,1,1,1,enero,2,2,3,3,19,19,4,jueves,0,0
t020,2023-01-20,2023,1,1,1,enero,2,2,3,3,20,20,5,viernes,0,0
t021,2023-01-21,2023,1,1,1,enero,2,2,3,3,21,21,6,sábado,0,1
t022,2023-01-22,2023,1,1,1,enero,2,2,4,4,22,22,7,domingo,0,1
t023,2023-01-23,2023,1,1,1,enero,2,2,4,4,23,23,1,lunes,0,0
t024,2023-01-24,2023,1,1,1,enero,2,2,4,4,24,24,2,martes,0,0
t025,2023-01-25,2023,1,1,1,enero,2,2,4,4,25,25,3,miércoles,0,0
t026,2023-01-26,2023,1,1,1,enero,2,2,4,4,26,26,4,jueves,0,0
t027,2023-01-27,2023,1,1,1,enero,2,2,4,4,27,27,5,viernes,0,0
t028,2023-01-28,2023,1,1,1,enero,2,2,4,4,28,28,6,sábado,0,1
t029,2023-01-29,2023,1,1,1,enero,2,2,5,5,29,29,7,domingo,0,1
t030,2023-01-30,2023,1,1,1,enero,2,2,5,5,30,30,1,lunes,0,0
t031,2023-01-31,2023,1,1,1,enero,2,2,5,5,31,31,2,martes,0,0
t032,2023-02-01,2023,1,1,2,febrero,1,3,5,1,32,1,3,miércoles,0,0
t033,2023-02-02,2023,1,1,2,febrero,1,3,5,1,33,2,4,jueves,0,0
t034,2023-02-03,2023,1,1,2,febrero,1,3,5,1,34,3,5,viernes,0,0
t035,2023-02-04,2023,1,1,2,febrero,1,3,5,1,35,4,6,sábado,0,1
t036,2023-02-05,2023,1,1,2,febrero,1,3,6,1,36,5,7,domingo,0,1
t037,2023-02-06,2023,1,1,2,febrero,1,3,6,1,37,6,1,lunes,1,0
t038,2023-02-07,2023,1,1,2,febrero,1,3,6,1,38,7,2,martes,0,0
t039,2023-02-08,2023,1,1,2,febrero,1,3,6,2,39,8,3,miércoles,0,0
t040,2023-02-09,2023,1,1,2,febrero,1,3,6,2,40,9,4,jueves,0,0
t041,2023-02-10,2023,1,1,2,febrero,1,3,6,2,41,10,5,viernes,0,0
t042,2023-02-11,2023,1,1,2,febrero,1,3,6,2,42,11,6,sábado,0,1
t043,2023-02-12,2023,1,1,2,febrero,1,3,7,2,43,12,7,domingo,0,1
t044,2023-02-13,2023,1,1,2,febrero,1,3,7,2,44,13,1,lunes,0,0
t045,2023-02-14,2023,1,1,2,febrero,1,3,7,2,45,14,2,martes,1,0
t046,2023-02-15,2023,1,1,2,febrero,1,3,7,3,46,15,3,miércoles,0,0
t047,2023-02-16,2023,1,1,2,febrero,2,4,7,3,47,16,4,jueves,0,0
t048,2023-02-17,2023,1,1,2,febrero,2,4,7,3,48,17,5,viernes,0,0
t049,2023-02-18,2023,1,1,2,febrero,2,4,7,3,49,18,6,sábado,0,1
t050,2023-02-19,2023,1,1,2,febrero,2,4,8,3,50,19,7,domingo,0,1
t051,2023-02-20,2023,1,1,2,febrero,2,4,8,3,51,20,1,lunes,0,0
t052,2023-02-21,2023,1,1,2,febrero,2,4,8,3,52,21,2,martes,0,0
t053,2023-02-22,2023,1,1,2,febrero,2,4,8,4,53,22,3,miércoles,0,0
t054,2023-02-23,2023,1,1,2,febrero,2,4,8,4,54,23,4,jueves,0,0
t055,2023-02-24,2023,1,1,2,febrero,2,4,8,4,55,24,5,viernes,0,0
t056,2023-02-25,2023,1,1,2,febrero,2,4,8,4,56,25,6,sábado,0,1
t057,2023-02-26,2023,1,1,2,febrero,2,4,9,4,57,26,7,domingo,0,1
t058,2023-02-27,2023,1,1,2,febrero,2,4,9,4,58,27,1,lunes,0,0
t059,2023-02-28,2023,1,1,2,febrero,2,4,9,4,59,28,2,martes,0,0
t060,2023-03-01,2023,1,1,3,marzo,1,5,9,1,60,1,3,miércoles,0,0
t061,2023-03-02,2023,1,1,3,marzo,1,5,9,1,61,2,4,jueves,0,0
t062,2023-03-03,2023,1,1,3,marzo,1,5,9,1,62,3,5,viernes,0,0
t063,2023-03-04,2023,1,1,3,marzo,1,5,9,1,63,4,6,sábado,0,1
t064,2023-03-05,2023,1,1,3,marzo,1,5,10,1,64,5,7,domingo,0,1
t065,2023-03-06,2023,1,1,3,marzo,1,5,10,1,65,6,1,lunes,0,0
t066,2023-03-07,2023,1,1,3,marzo,1,5,10,1,66,7,2,martes,0,0
t067,2023-03-08,2023,1,1,3,marzo,1,5,10,2,67,8,3,miércoles,0,0
t068,2023-03-09,2023,1,1,3,marzo,1,5,10,2,68,9,4,jueves,0,0
t069,2023-03-10,2023,1,1,3,marzo,1,5,10,2,69,10,5,viernes,0,0
t070,2023-03-11,2023,1,1,3,marzo,1,5,10,2,70,11,6,sábado,0,1
t071,2023-03-12,2023,1,1,3,marzo,1,5,11,2,71,12,7,domingo,0,1
t072,2023-03-13,2023,1,1,3,marzo,1,5,11,2,72,13,1,lunes,0,0
t073,2023-03-14,2023,1,1,3,marzo,1,5,11,2,73,14,2,martes,0,0
t074,2023-03-15,2023,1,1,3,marzo,1,5,11,3,74,15,3,miércoles,0,0
t075,2023-03-16,2023,1,1,3,marzo,2,6,11,3,75,16,4,jueves,0,0
t076,2023-03-17,2023,1,1,3,marzo,2,6,11,3,76,17,5,viernes,0,0
t077,2023-03-18,2023,1,1,3,marzo,2,6,11,3,77,18,6,sábado,0,1
t078,2023-03-19,2023,1,1,3,marzo,2,6,12,3,78,19,7,domingo,0,1
t079,2023-03-20,2023,1,1,3,marzo,2,6,12,3,79,20,1,lunes,1,0
t080,2023-03-21,2023,1,1,3,marzo,2,6,12,3,80,21,2,martes,0,0
t081,2023-03-22,2023,1,1,3,marzo,2,6,12,4,81,22,3,miércoles,0,0
t082,2023-03-23,2023,1,1,3,marzo,2,6,12,4,82,23,4,jueves,0,0
t083,2023-03-24,2023,1,1,3,marzo,2,6,12,4,83,24,5,viernes,0,0
t084,2023-03-25,2023,1,1,3,marzo,2,6,12,4,84,25,6,sábado,0,1
t085,2023-03-26,2023,1,1,3,marzo,2,6,13,4,85,26,7,domingo,0,1
t086,2023-03-27,2023,1,1,3,marzo,2,6,13,4,86,27,1,lunes,0,0
t087,2023-03-28,2023,1,1,3,marzo,2,6,13,4,87,28,2,martes,0,0
t088,2023-03-29,2023,1,1,3,marzo,2,6,13,5,88,29,3,miércoles,0,0
t089,2023-03-30,2023,1,1,3,marzo,2,6,13,5,89,30,4,jueves,0,0
t090,2023-03-31,2023,1,1,3,marzo,2,6,13,5,90,31,5,viernes,0,0
t091,2023-04-01,2023,1,2,4,abril,1,7,13,1,91,1,6,sábado,0,1
t092,2023-04-02,2023,1,2,4,abril,1,7,14,1,92,2,7,domingo,0,1
t093,2023-04-03,2023,1,2,4,abril,1,7,14,1,93,3,1,lunes,0,0
t094,2023-04-04,2023,1,2,4,abril,1,7,14,1,94,4,2,martes,0,0
t095,2023-04-05,2023,1,2,4,abril,1,7,14,1,95,5,3,miércoles,0,0
t096,2023-04-06,2023,1,2,4,abril,1,7,14,1,96,6,4,jueves,0,0
t097,2023-04-07,2023,1,2,4,abril,1,7,14,1,97,7,5,viernes,0,0
t098,2023-04-08,2023,1,2,4,abril,1,7,14,2,98,8,6,sábado,0,1
t099,2023-04-09,2023,1,2,4,abril,1,7,15,2,99,9,7,domingo,0,1
t100,2023-04-10,2023,1,2,4,abril,1,7,15,2,100,10,1,lunes,0,0
t101,2023-04-11,2023,1,2,4,abril,1,7,15,2,101,11,2,martes,0,0
t102,2023-04-12,2023,1,2,4,abril,1,7,15,2,102,12,3,miércoles,0,0
t103,2023-04-13,2023,1,2,4,abril,1,7,15,2,103,13,4,jueves,0,0
t104,2023-04-14,2023,1,2,4,abril,1,7,15,2,104,14,5,viernes,0,0
t105,2023-04-15,2023,1,2,4,abril,1,7,15,3,105,15,6,sábado,0,1
t106,2023-04-16,2023,1,2,4,abril,2,8,16,3,106,16,7,domingo,0,1
t107,2023-04-17,2023,1,2,4,abril,2,8,16,3,107,17,1,lunes,0,0
t108,2023-04-18,2023,1,2,4,abril,2,8,16,3,108,18,2,martes,0,0
t109,2023-04-19,2023,1,2,4,abril,2,8,16,3,109,19,3,miércoles,0,0
t110,2023-04-20,2023,1,2,4,abril,2,8,16,3,110,20,4,jueves,0,0
t111,2023-04-21,2023,1,2,4,abril,2,8,16,3,111,21,5,viernes,0,0
t112,2023-04-22,2023,1,2,4,abril,2,8,16,4,112,22,6,sábado,0,1
t113,2023-04-23,2023,1,2,4,abril,2,8,17,4,113,23,7,domingo,0,1
t114,2023-04-24,2023,1,2,4,abril,2,8,17,4,114,24,1,lunes,0,0
t115,2023-04-25,2023,1,2,4,abril,2,8,17,4,115,25,2,martes,0,0
t116,2023-04-26,2023,1,2,4,abril,2,8,17,4,116,26,3,miércoles,0,0
t117,2023-04-27,2023,1,2,4,abril,2,8,17,4,117,27,4,jueves,0,0
t118,2023-04-28,2023,1,2,4,abril,2,8,17,4,118,28,5,viernes,0,0
t119,2023-04-29,2023,1,2,4,abril,2,8,17,5,119,29,6,sábado,0,1
t120,2023-04-30,2023,1,2,4,abril,2,8,18,5,120,30,7,domingo,0,1
t121,2023-05-01,2023,1,2,5,mayo,1,9,18,1,121,1,1,lunes,1,0
t122,2023-05-02,2023,1,2,5,mayo,1,9,18,1,122,2,2,martes,0,0
t123,2023-05-03,2023,1,2,5,mayo,1,9,18,1,123,3,3,miércoles,0,0
t124,2023-05-04,2023,1,2,5,mayo,1,9,18,1,124,4,4,jueves,0,0
t125,2023-05-05,2023,1,2,5,mayo,1,9,18,1,125,5,5,viernes,0,0
t126,2023-05-06,2023,1,2,5,mayo,1,9,18,1,126,6,6,sábado,0,1
t127,2023-05-07,2023,1,2,5,mayo,1,9,19,1,127,7,7,domingo,0,1
t128,2023-05-08,2023,1,2,5,mayo,1,9,19,2,128,8,1,lunes,0,0
t129,2023-05-09,2023,1,2,5,mayo,1,9,19,2,129,9,2,martes,0,0
t130,2023-05-10,2023,1,2,5,mayo,1,9,19,2,130,10,3,miércoles,1,0
t131,2023-05-11,2023,1,2,5,mayo,1,9,19,2,131,11,4,jueves,0,0
t132,2023-05-12,2023,1,2,5,mayo,1,9,19,2,132,12,5,viernes,0,0
t133,2023-05-13,2023,1,2,5,mayo,1,9,19,2,133,13,6,sábado,0,1
t134,2023-05-14,2023,1,2,5,mayo,1,9,20,2,134,14,7,domingo,0,1
t135,2023-05-15,2023,1,2,5,mayo,1,9,20,3,135,15,1,lunes,0,0
t136,2023-05-16,2023,1,2,5,mayo,2,10,20,3,136,16,2,martes,0,0
t137,2023-05-17,2023,1,2,5,mayo,2,10,20,3,137,17,3,miércoles,0,0
t138,2023-05-18,2023,1,2,5,mayo,2,10,20,3,138,18,4,jueves,0,0
t139,2023-05-19,2023,1,2,5,mayo,2,10,20,3,139,19,5,viernes,0,0
t140,2023-05-20,2023,1,2,5,mayo,2,10,20,3,140,20,6,sábado,0,1
t141,2023-05-21,2023,1,2,5,mayo,2,10,21,3,141,21,7,domingo,0,1
t142,2023-05-22,2023,1,2,5,mayo,2,10,21,4,142,22,1,lunes,0,0
t143,2023-05-23,2023,1,2,5,mayo,2,10,21,4,143,23,2,martes,0,0
t144,2023-05-24,2023,1,2,5,mayo,2,10,21,4,144,24,3,miércoles,0,0
t145,2023-05-25,2023,1,2,5,mayo,2,10,21,4,145,25,4,jueves,0,0
t146,2023-05-26,2023,1,2,5,mayo,2,10,21,4,146,26,5,viernes,0,0
t147,2023-05-27,2023,1,2,5,mayo,2,10,21,4,147,27,6,sábado,0,1
t148,2023-05-28,2023,1,2,5,mayo,2,10,22,4,148,28,7,domingo,0,1
t149,2023-05-29,2023,1,2,5,mayo,2,10,22,5,149,29,1,lunes,0,0
t150,2023-05-30,2023,1,2,5,mayo,2,10,22,5,150,30,2,martes,0,0
t151,2023-05-31,2023,1,2,5,mayo,2,10,22,5,151,31,3,miércoles,0,0
t152,2023-06-01,2023,1,2,6,junio,1,11,22,1,152,1,4,jueves,0,0
t153,2023-06-02,2023,1,2,6,junio,1,11,22,1,153,2,5,viernes,0,0
t154,2023-06-03,2023,1,2,6,junio,1,11,22,1,154,3,6,sábado,0,1
t155,2023-06-04,2023,1,2,6,junio,1,11,23,1,155,4,7,domingo,0,1
t156,2023-06-05,2023,1,2,6,junio,1,11,23,1,156,5,1,lunes,0,0
t157,2023-06-06,2023,1,2,6,junio,1,11,23,1,157,6,2,martes,0,0
t158,2023-06-07,2023,1,2,6,junio,1,11,23,1,158,7,3,miércoles,0,0
t159,2023-06-08,2023,1,2,6,junio,1,11,23,2,159,8,4,jueves,0,0
t160,2023-06-09,2023,1,2,6,junio,1,11,23,2,160,9,5,viernes,0,0
t161,2023-06-10,2023,1,2,6,junio,1,11,23,2,161,10,6,sábado,0,1
t162,2023-06-11,2023,1,2,6,junio,1,11,24,2,162,11,7,domingo,0,1
t163,2023-06-12,2023,1,2,6,junio,1,11,24,2,163,12,1,lunes,0,0
t164,2023-06-13,2023,1,2,6,junio,1,11,24,2,164,13,2,martes,0,0
t165,2023-06-14,2023,1,2,6,junio,1,11,24,2,165,14,3,miércoles,0,0
t166,2023-06-15,2023,1,2,6,junio,1,11,24,3,166,15,4,jueves,0,0
t167,2023-06-16,2023,1,2,6,junio,2,12,24,3,167,16,5,viernes,0,0
t168,2023-06-17,2023,1,2,6,junio,2,12,24,3,168,17,6,sábado,0,1
t169,2023-06-18,2023,1,2,6,junio,2,12,25,3,169,18,7,domingo,0,1
t170,2023-06-19,2023,1,2,6,junio,2,12,25,3,170,19,1,lunes,0,0
t171,2023-06-20,2023,1,2,6,junio,2,12,25,3,171,20,2,martes,0,0
t172,2023-06-21,2023,1,2,6,junio,2,12,25,3,172,21,3,miércoles,0,0
t173,2023-06-22,2023,1,2,6,junio,2,12,25,4,173,22,4,jueves,0,0
t174,2023-06-23,2023,1,2,6,junio,2,12,25,4,174,23,5,viernes,0,0
t175,2023-06-24,2023,1,2,6,junio,2,12,25,4,175,24,6,sábado,0,1
t176,2023-06-25,2023,1,2,6,junio,2,12,26,4,176,25,7,domingo,0,1
t177,2023-06-26,2023,1,2,6,junio,2,12,26,4,177,26,1,lunes,0,0
t178,2023-06-27,2023,1,2,6,junio,2,12,26,4,178,27,2,martes,0,0
t179,2023-06-28,2023,1,2,6,junio,2,12,26,4,179,28,3,miércoles,0,0
t180,2023-06-29,2023,1,2,6,junio,2,12,26,5,180,29,4,jueves,0,0
t181,2023-06-30,2023,1,2,6,junio,2,12,26,5,181,30,5,viernes,0,0
t182,2023-07-01,2023,2,3,7,julio,1,13,26,1,182,1,6,sábado,0,1
t183,2023-07-02,2023,2,3,7,julio,1,13,27,1,183,2,7,domingo,0,1
t184,2023-07-03,2023,2,3,7,julio,1,13,27,1,184,3,1,lunes,0,0
t185,2023-07-04,2023,2,3,7,julio,1,13,27,1,185,4,2,martes,0,0
t186,2023-07-05,2023,2,3,7,julio,1,13,27,1,186,5,3,miércoles,0,0
t187,2023-07-06,2023,2,3,7,julio,1,13,27,1,187,6,4,jueves,0,0
t188,2023-07-07,2023,2,3,7,julio,1,13,27,1,188,7,5,viernes,0,0
t189,2023-07-08,2023,2,3,7,julio,1,13,27,2,189,8,6,sábado,0,1
t190,2023-07-09,2023,2,3,7,julio,1,13,28,2,190,9,7,domingo,0,1
t191,2023-07-10,2023,2,3,7,julio,1,13,28,2,191,10,1,lunes,0,0
t192,2023-07-11,2023,2,3,7,julio,1,13,28,2,192,11,2,martes,0,0
t193,2023-07-12,2023,2,3,7,julio,1,13,28,2,193,12,3,miércoles,0,0
t194,2023-07-13,2023,2,3,7,julio,1,13,28,2,194,13,4,jueves,0,0
t195,2023-07-14,2023,2,3,7,julio,1,13,28,2,195,14,5,viernes,0,0
t196,2023-07-15,2023,2,3,7,julio,1,13,28,3,196,15,6,sábado,0,1
t197,2023-07-16,2023,2,3,7,julio,2,14,29,3,197,16,7,domingo,0,1
t198,2023-07-17,2023,2,3,7,julio,2,14,29,3,198,17,1,lunes,0,0
t199,2023-07-18,2023,2,3,7,julio,2,14,29,3,199,18,2,martes,0,0
t200,2023-07-19,2023,2,3,7,julio,2,14,29,3,200,19,3,miércoles,0,0
t201,2023-07-20,2023,2,3,7,julio,2,14,29,3,201,20,4,jueves,0,0
t202,2023-07-21,2023,2,3,7,julio,2,14,29,3,202,21,5,viernes,0,0
t203,2023-07-22,2023,2,3,7,julio,2,14,29,4,203,22,6,sábado,0,1
t204,2023-07-23,2023,2,3,7,julio,2,14,30,4,204,23,7,domingo,0,1
t205,2023-07-24,2023,2,3,7,julio,2,14,30,4,205,24,1,lunes,0,0
t206,2023-07-25,2023,2,3,7,julio,2,14,30,4,206,25,2,martes,0,0
t207,2023-07-26,2023,2,3,7,julio,2,14,30,4,207,26,3,miércoles,0,0
t208,2023-07-27,2023,2,3,7,julio,2,14,30,4,208,27,4,jueves,0,0
t209,2023-07-28,2023,2,3,7,julio,2,14,30,4,209,28,5,viernes,0,0
t210,2023-07-29,2023,2,3,7,julio,2,14,30,5,210,29,6,sábado,0,1
t211,2023-07-30,2023,2,3,7,julio,2,14,31,5,211,30,7,domingo,0,1
t212,2023-07-31,2023,2,3,7,julio,2,14,31,5,212,31,1,lunes,0,0
t213,2023-08-01,2023,2,3,8,agosto,1,15,31,1,213,1,2,martes,0,0
t214,2023-08-02,2023,2,3,8,agosto,1,15,31,1,214,2,3,miércoles,0,0
t215,2023-08-03,2023,2,3,8,agosto,1,15,31,1,215,3,4,jueves,0,0
t216,2023-08-04,2023,2,3,8,agosto,1,15,31,1,216,4,5,viernes,0,0
t217,2023-08-05,2023,2,3,8,agosto,1,15,31,1,217,5,6,sábado,0,1
t218,2023-08-06,2023,2,3,8,agosto,1,15,32,1,218,6,7,domingo,0,1
t219,2023-08-07,2023,2,3,8,agosto,1,15,32,1,219,7,1,lunes,0,0
t220,2023-08-08,2023,2,3,8,agosto,1,15,32,2,220,8,2,martes,0,0
t221,2023-08-09,2023,2,3,8,agosto,1,15,32,2,221,9,3,miércoles,0,0
t222,2023-08-10,2023,2,3,8,agosto,1,15,32,2,222,10,4,jueves,0,0
t223,2023-08-11,2023,2,3,8,agosto,1,15,32,2,223,11,5,viernes,0,0
t224,2023-08-12,2023,2,3,8,agosto,1,15,32,2,224,12,6,sábado,0,1
t225,2023-08-13,2023,2,3,8,agosto,1,15,33,2,225,13,7,domingo,0,1
t226,2023-08-14,2023,2,3,8,agosto,1,15,33,2,226,14,1,lunes,0,0
t227,2023-08-15,2023,2,3,8,agosto,1,15,33,3,227,15,2,martes,0,0
t228,2023-08-16,2023,2,3,8,agosto,2,16,33,3,228,16,3,miércoles,0,0
t229,2023-08-17,2023,2,3,8,agosto,2,16,33,3,229,17,4,jueves,0,0
t230,2023-08-18,2023,2,3,8,agosto,2,16,33,3,230,18,5,viernes,0,0
t231,2023-08-19,2023,2,3,8,agosto,2,16,33,3,231,19,6,sábado,0,1
t232,2023-08-20,2023,2,3,8,agosto,2,16,34,3,232,20,7,domingo,0,1
t233,2023-08-21,2023,2,3,8,agosto,2,16,34,3,233,21,1,lunes,0,0
t234,2023-08-22,2023,2,3,8,agosto,2,16,34,4,234,22,2,martes,0,0
t235,2023-08-23,2023,2,3,8,agosto,2,16,34,4,235,23,3,miércoles,0,0
t236,2023-08-24,2023,2,3,8,agosto,2,16,34,4,236,24,4,jueves,0,0
t237,2023-08-25,2023,2,3,8,agosto,2,16,34,4,237,25,5,viernes,0,0
t238,2023-08-26,2023,2,3,8,agosto,2,16,34,4,238,26,6,sábado,0,1
t239,2023-08-27,2023,2,3,8,agosto,2,16,35,4,239,27,7,domingo,0,1
t240,2023-08-28,2023,2,3,8,agosto,2,16,35,4,240,28,1,lunes,0,0
t241,2023-08-29,2023,2,3,8,agosto,2,16,35,5,241,29,2,martes,0,0
t242,2023-08-30,2023,2,3,8,agosto,2,16,35,5,242,30,3,miércoles,0,0
t243,2023-08-31,2023,2,3,8,agosto,2,16,35,5,243,31,4,jueves,0,0
t244,2023-09-01,2023,2,3,9,septiembre,1,17,35,1,244,1,5,viernes,0,0
t245,2023-09-02,2023,2,3,9,septiembre,1,17,35,1,245,2,6,sábado,0,1
t246,2023-09-03,2023,2,3,9,septiembre,1,17,36,1,246,3,7,domingo,0,1
t247,2023-09-04,2023,2,3,9,septiembre,1,17,36,1,247,4,1,lunes,0,0
t248,2023-09-05,2023,2,3,9,septiembre,1,17,36,1,248,5,2,martes,0,0
t249,2023-09-06,2023,2,3,9,septiembre,1,17,36,1,249,6,3,miércoles,0,0
t250,2023-09-07,2023,2,3,9,septiembre,1,17,36,1,250,7,4,jueves,0,0
t251,2023-09-08,2023,2,3,9,septiembre,1,17,36,2,251,8,5,viernes,0,0
t252,2023-09-09,2023,2,3,9,septiembre,1,17,36,2,252,9,6,sábado,0,1
t253,2023-09-10,2023,2,3,9,septiembre,1,17,37,2,253,10,7,domingo,0,1
t254,2023-09-11,2023,2,3,9,septiembre,1,17,37,2,254,11,1,lunes,0,0
t255,2023-09-12,2023,2,3,9,septiembre,1,17,37,2,255,12,2,martes,0,0
t256,2023-09-13,2023,2,3,9,septiembre,1,17,37,2,256,13,3,miércoles,0,0
t257,2023-09-14,2023,2,3,9,septiembre,1,17,37,2,257,14,4,jueves,0,0
t258,2023-09-15,2023,2,3,9,septiembre,1,17,37,3,258,15,5,viernes,0,0
t259,2023-09-16,2023,2,3,9,septiembre,2,18,37,3,259,16,6,sábado,1,1
t260,2023-09-17,2023,2,3,9,septiembre,2,18,38,3,260,17,7,domingo,0,1
t261,2023-09-18,2023,2,3,9,septiembre,2,18,38,3,261,18,1,lunes,0,0
t262,2023-09-19,2023,2,3,9,septiembre,2,18,38,3,262,19,2,martes,0,0
t263,2023-09-20,2023,2,3,9,septiembre,2,18,38,3,263,20,3,miércoles,0,0
t264,2023-09-21,2023,2,3,9,septiembre,2,18,38,3,264,21,4,jueves,0,0
t265,2023-09-22,2023,2,3,9,septiembre,2,18,38,4,265,22,5,viernes,0,0
t266,2023-09-23,2023,2,3,9,septiembre,2,18,38,4,266,23,6,sábado,0,1
t267,2023-09-24,2023,2,3,9,septiembre,2,18,39,4,267,24,7,domingo,0,1
t268,2023-09-25,2023,2,3,9,septiembre,2,18,39,4,268,25,1,lunes,0,0
t269,2023-09-26,2023,2,3,9,septiembre,2,18,39,4,269,26,2,martes,0,0
t270,2023-09-27,2023,2,3,9,septiembre,2,18,39,4,270,27,3,miércoles,0,0
t271,2023-09-28,2023,2,3,9,septiembre,2,18,39,4,271,28,4,jueves,0,0
t272,2023-09-29,2023,2,3,9,septiembre,2,18,39,5,272,29,5,viernes,0,0
t273,2023-09-30,2023,2,3,9,septiembre,2,18,39,5,273,30,6,sábado,0,1
t274,2023-10-01,2023,2,4,10,octubre,1,19,40,1,274,1,7,domingo,0,1
t275,2023-10-02,2023,2,4,10,octubre,1,19,40,1,275,2,1,lunes,0,0
t276,2023-10-03,2023,2,4,10,octubre,1,19,40,1,276,3,2,martes,0,0
t277,2023-10-04,2023,2,4,10,octubre,1,19,40,1,277,4,3,miércoles,0,0
t278,2023-10-05,2023,2,4,10,octubre,1,19,40,1,278,5,4,jueves,0,0
t279,2023-10-06,2023,2,4,10,octubre,1,19,40,1,279,6,5,viernes,0,0
t280,2023-10-07,2023,2,4,10,octubre,1,19,40,1,280,7,6,sábado,0,1
t281,2023-10-08,2023,2,4,10,octubre,1,19,41,2,281,8,7,domingo,0,1
t282,2023-10-09,2023,2,4,10,octubre,1,19,41,2,282,9,1,lunes,0,0
t283,2023-10-10,2023,2,4,10,octubre,1,19,41,2,283,10,2,martes,0,0
t284,2023-10-11,2023,2,4,10,octubre,1,19,41,2,284,11,3,miércoles,0,0
t285,2023-10-12,2023,2,4,10,octubre,1,19,41,2,285,12,4,jueves,0,0
t286,2023-10-13,2023,2,4,10,octubre,1,19,41,2,286,13,5,viernes,0,0
t287,2023-10-14,2023,2,4,10,octubre,1,19,41,2,287,14,6,sábado,0,1
t288,2023-10-15,2023,2,4,10,octubre,1,19,42,3,288,15,7,domingo,0,1
t289,2023-10-16,2023,2,4,10,octubre,2,20,42,3,289,16,1,lunes,0,0
t290,2023-10-17,2023,2,4,10,octubre,2,20,42,3,290,17,2,martes,0,0
t291,2023-10-18,2023,2,4,10,octubre,2,20,42,3,291,18,3,miércoles,0,0
t292,2023-10-19,2023,2,4,10,octubre,2,20,42,3,292,19,4,jueves,0,0
t293,2023-10-20,2023,2,4,10,octubre,2,20,42,3,293,20,5,viernes,0,0
t294,2023-10-21,2023,2,4,10,octubre,2,20,42,3,294,21,6,sábado,0,1
t295,2023-10-22,2023,2,4,10,octubre,2,20,43,4,295,22,7,domingo,0,1
t296,2023-10-23,2023,2,4,10,octubre,2,20,43,4,296,23,1,lunes,0,0
t297,2023-10-24,2023,2,4,10,octubre,2,20,43,4,297,24,2,martes,0,0
t298,2023-10-25,2023,2,4,10,octubre,2,20,43,4,298,25,3,miércoles,0,0
t299,2023-10-26,2023,2,4,10,octubre,2,20,43,4,299,26,4,jueves,0,0
t300,2023-10-27,2023,2,4,10,octubre,2,20,43,4,300,27,5,viernes,0,0
t301,2023-10-28,2023,2,4,10,octubre,2,20,43,4,301,28,6,sábado,0,1
t302,2023-10-29,2023,2,4,10,octubre,2,20,44,5,302,29,7,domingo,0,1
t303,2023-10-30,2023,2,4,10,octubre,2,20,44,5,303,30,1,lunes,0,0
t304,2023-10-31,2023,2,4,10,octubre,2,20,44,5,304,31,2,martes,0,0
t305,2023-11-01,2023,2,4,11,noviembre,1,21,44,1,305,1,3,miércoles,0,0
t306,2023-11-02,2023,2,4,11,noviembre,1,21,44,1,306,2,4,jueves,1,0
t307,2023-11-03,2023,2,4,11,noviembre,1,21,44,1,307,3,5,viernes,0,0
t308,2023-11-04,2023,2,4,11,noviembre,1,21,44,1,308,4,6,sábado,0,1
t309,2023-11-05,2023,2,4,11,noviembre,1,21,45,1,309,5,7,domingo,0,1
t310,2023-11-06,2023,2,4,11,noviembre,1,21,45,1,310,6,1,lunes,0,0
t311,2023-11-07,2023,2,4,11,noviembre,1,21,45,1,311,7,2,martes,0,0
t312,2023-11-08,2023,2,4,11,noviembre,1,21,45,2,312,8,3,miércoles,0,0
t313,2023-11-09,2023,2,4,11,noviembre,1,21,45,2,313,9,4,jueves,0,0
t314,2023-11-10,2023,2,4,11,noviembre,1,21,45,2,314,10,5,viernes,0,0
t315,2023-11-11,2023,2,4,11,noviembre,1,21,45,2,315,11,6,sábado,0,1
t316,2023-11-12,2023,2,4,11,noviembre,1,21,46,2,316,12,7,domingo,0,1
t317,2023-11-13,2023,2,4,11,noviembre,1,21,46,2,317,13,1,lunes,0,0
t318,2023-11-14,2023,2,4,11,noviembre,1,21,46,2,318,14,2,martes,0,0
t319,2023-11-15,2023,2,4,11,noviembre,1,21,46,3,319,15,3,miércoles,0,0
t320,2023-11-16,2023,2,4,11,noviembre,2,22,46,3,320,16,4,jueves,0,0
t321,2023-11-17,2023,2,4,11,noviembre,2,22,46,3,321,17,5,viernes,0,0
t322,2023-11-18,2023,2,4,11,noviembre,2,22,46,3,322,18,6,sábado,0,1
t323,2023-11-19,2023,2,4,11,noviembre,2,22,47,3,323,19,7,domingo,0,1
t324,2023-11-20,2023,2,4,11,noviembre,2,22,47,3,324,20,1,lunes,1,0
t325,2023-11-21,2023,2,4,11,noviembre,2,22,47,3,325,21,2,martes,0,0
t326,2023-11-22,2023,2,4,11,noviembre,2,22,47,4,326,22,3,miércoles,0,0
t327,2023-11-23,2023,2,4,11,noviembre,2,22,47,4,327,23,4,jueves,0,0
t328,2023-11-24,2023,2,4,11,noviembre,2,22,47,4,328,24,5,viernes,0,0
t329,2023-11-25,2023,2,4,11,noviembre,2,22,47,4,329,25,6,sábado,0,1
t330,2023-11-26,2023,2,4,11,noviembre,2,22,48,4,330,26,7,domingo,0,1
t331,2023-11-27,2023,2,4,11,noviembre,2,22,48,4,331,27,1,lunes,0,0
t332,2023-11-28,2023,2,4,11,noviembre,2,22,48,4,332,28,2,martes,0,0
t333,2023-11-29,2023,2,4,11,noviembre,2,22,48,5,333,29,3,miércoles,0,0
t334,2023-11-30,2023,2,4,11,noviembre,2,22,48,5,334,30,4,jueves,0,0
t335,2023-12-01,2023,2,4,12,diciembre,1,23,48,1,335,1,5,viernes,0,0
t336,2023-12-02,2023,2,4,12,diciembre,1,23,48,1,336,2,6,sábado,0,1
t337,2023-12-03,2023,2,4,12,diciembre,1,23,49,1,337,3,7,domingo,0,1
t338,2023-12-04,2023,2,4,12,diciembre,1,23,49,1,338,4,1,lunes,0,0
t339,2023-12-05,2023,2,4,12,diciembre,1,23,49,1,339,5,2,martes,0,0
t340,2023-12-06,2023,2,4,12,diciembre,1,23,49,1,340,6,3,miércoles,0,0
t341,2023-12-07,2023,2,4,12,diciembre,1,23,49,1,341,7,4,jueves,0,0
t342,2023-12-08,2023,2,4,12,diciembre,1,23,49,2,342,8,5,viernes,0,0
t343,2023-12-09,2023,2,4,12,diciembre,1,23,49,2,343,9,6,sábado,0,1
t344,2023-12-10,2023,2,4,12,diciembre,1,23,50,2,344,10,7,domingo,0,1
t345,2023-12-11,2023,2,4,12,diciembre,1,23,50,2,345,11,1,lunes,0,0
t346,2023-12-12,2023,2,4,12,diciembre,1,23,50,2,346,12,2,martes,1,0
t347,2023-12-13,2023,2,4,12,diciembre,1,23,50,2,347,13,3,miércoles,0,0
t348,2023-12-14,2023,2,4,12,diciembre,1,23,50,2,348,14,4,jueves,0,0
t349,2023-12-15,2023,2,4,12,diciembre,1,23,50,3,349,15,5,viernes,0,0
t350,2023-12-16,2023,2,4,12,diciembre,2,24,50,3,350,16,6,sábado,0,1
t351,2023-12-17,2023,2,4,12,diciembre,2,24,51,3,351,17,7,domingo,0,1
t352,2023-12-18,2023,2,4,12,diciembre,2,24,51,3,352,18,1,lunes,0,0
t353,2023-12-19,2023,2,4,12,diciembre,2,24,51,3,353,19,2,martes,0,0
t354,2023-12-20,2023,2,4,12,diciembre,2,24,51,3,354,20,3,miércoles,0,0
t355,2023-12-21,2023,2,4,12,diciembre,2,24,51,3,355,21,4,jueves,0,0
t356,2023-12-22,2023,2,4,12,diciembre,2,24,51,4,356,22,5,viernes,0,0
t357,2023-12-23,2023,2,4,12,diciembre,2,24,51,4,357,23,6,sábado,0,1
t358,2023-12-24,2023,2,4,12,diciembre,2,24,52,4,358,24,7,domingo,0,1
t359,2023-12-25,2023,2,4,12,diciembre,2,24,52,4,359,25,1,lunes,1,0
t360,2023-12-26,2023,2,4,12,diciembre,2,24,52,4,360,26,2,martes,0,0
t361,2023-12-27,2023,2,4,12,diciembre,2,24,52,4,361,27,3,miércoles,0,0
t362,2023-12-28,2023,2,4,12,diciembre,2,24,52,4,362,28,4,jueves,0,0
t363,2023-12-29,2023,2,4,12,diciembre,2,24,52,5,363,29,5,viernes,0,0
t364,2023-12-30,2023,2,4,12,diciembre,2,24,52,5,364,30,6,sábado,0,1
t365,2023-12-31,2023,2,4,12,diciembre,2,24,53,5,365,31,7,domingo,0,1
t366,2024-01-01,2024,1,1,1,enero,1,1,1,1,1,1,1,lunes,1,0
t367,2024-01-02,2024,1,1,1,enero,1,1,1,1,2,2,2,martes,0,0
t368,2024-01-03,2024,1,1,1,enero,1,1,1,1,3,3,3,miércoles,0,0
t369,2024-01-04,2024,1,1,1,enero,1,1,1,1,4,4,4,jueves,0,0
t370,2024-01-05,2024,1,1,1,enero,1,1,1,1,5,5,5,viernes,0,0
t371,2024-01-06,2024,1,1,1,enero,1,1,1,1,6,6,6,sábado,0,1
t372,2024-01-07,2024,1,1,1,enero,1,1,1,1,7,7,7,domingo,0,1
t373,2024-01-08,2024,1,1,1,enero,1,1,2,2,8,8,1,lunes,0,0
t374,2024-01-09,2024,1,1,1,enero,1,1,2,2,9,9,2,martes,0,0
t375,2024-01-10,2024,1,1,1,enero,1,1,2,2,10,10,3,miércoles,0,0
t376,2024-01-11,2024,1,1,1,enero,1,1,2,2,11,11,4,jueves,0,0
t377,2024-01-12,2024,1,1,1,enero,1,1,2,2,12,12,5,viernes,0,0
t378,2024-01-13,2024,1,1,1,enero,1,1,2,2,13,13,6,sábado,0,1
t379,2024-01-14,2024,1,1,1,enero,1,1,2,2,14,14,7,domingo,0,1
t380,2024-01-15,2024,1,1,1,enero,1,1,3,3,15,15,1,lunes,0,0
t381,2024-01-16,2024,1,1,1,enero,2,2,3,3,16,16,2,martes,0,0
t382,2024-01-17,2024,1,1,1,enero,2,2,3,3,17,17,3,miércoles,0,0
t383,2024-01-18,2024,1,1,1,enero,2,2,3,3,18,18,4,jueves,0,0
t384,2024-01-19,2024,1,1,1,enero,2,2,3,3,19,19,5,viernes,0,0
t385,2024-01-20,2024,1,1,1,enero,2,2,3,3,20,20,6,sábado,0,1
t386,2024-01-21,2024,1,1,1,enero,2,2,3,3,21,21,7,domingo,0,1
t387,2024-01-22,2024,1,1,1,enero,2,2,4,4,22,22,1,lunes,0,0
t388,2024-01-23,2024,1,1,1,enero,2,2,4,4,23,23,2,martes,0,0
t389,2024-01-24,2024,1,1,1,enero,2,2,4,4,24,24,3,miércoles,0,0
t390,2024-01-25,2024,1,1,1,enero,2,2,4,4,25,25,4,jueves,0,0
t391,2024-01-26,2024,1,1,1,enero,2,2,4,4,26,26,5,viernes,0,0
t392,2024-01-27,2024,1,1,1,enero,2,2,4,4,27,27,6,sábado,0,1
t393,2024-01-28,2024,1,1,1,enero,2,2,4,4,28,28,7,domingo,0,1
t394,2024-01-29,2024,1,1,1,enero,2,2,5,5,29,29,1,lunes,0,0
t395,2024-01-30,2024,1,1,1,enero,2,2,5,5,30,30,2,martes,0,0
t396,2024-01-31,2024,1,1,1,enero,2,2,5,5,31,31,3,miércoles,0,0
t397,2024-02-01,2024,1,1,2,febrero,1,3,5,1,32,1,4,jueves,0,0
t398,2024-02-02,2024,1,1,2,febrero,1,3,5,1,33,2,5,viernes,0,0
t399,2024-02-03,2024,1,1,2,febrero,1,3,5,1,34,3,6,sábado,0,1
t400,2024-02-04,2024,1,1,2,febrero,1,3,5,1,35,4,7,domingo,0,1
t401,2024-02-05,2024,1,1,2,febrero,1,3,6,1,36,5,1,lunes,1,0
t402,2024-02-06,2024,1,1,2,febrero,1,3,6,1,37,6,2,martes,0,0
t403,2024-02-07,2024,1,1,2,febrero,1,3,6,1,38,7,3,miércoles,0,0
t404,2024-02-08,2024,1,1,2,febrero,1,3,6,2,39,8,4,jueves,0,0
t405,2024-02-09,2024,1,1,2,febrero,1,3,6,2,40,9,5,viernes,0,0
t406,2024-02-10,2024,1,1,2,febrero,1,3,6,2,41,10,6,sábado,0,1
t407,2024-02-11,2024,1,1,2,febrero,1,3,6,2,42,11,7,domingo,0,1
t408,2024-02-12,2024,1,1,2,febrero,1,3,7,2,43,12,1,lunes,0,0
t409,2024-02-13,2024,1,1,2,febrero,1,3,7,2,44,13,2,martes,0,0
t410,2024-02-14,2024,1,1,2,febrero,1,3,7,2,45,14,3,miércoles,1,0
t411,2024-02-15,2024,1,1,2,febrero,1,3,7,3,46,15,4,jueves,0,0
t412,2024-02-16,2024,1,1,2,febrero,2,4,7,3,47,16,5,viernes,0,0
t413,2024-02-17,2024,1,1,2,febrero,2,4,7,3,48,17,6,sábado,0,1
t414,2024-02-18,2024,1,1,2,febrero,2,4,7,3,49,18,7,domingo,0,1
t415,2024-02-19,2024,1,1,2,febrero,2,4,8,3,50,19,1,lunes,0,0
t416,2024-02-20,2024,1,1,2,febrero,2,4,8,3,51,20,2,martes,0,0
t417,2024-02-21,2024,1,1,2,febrero,2,4,8,3,52,21,3,miércoles,0,0
t418,2024-02-22,2024,1,1,2,febrero,2,4,8,4,53,22,4,jueves,0,0
t419,2024-02-23,2024,1,1,2,febrero,2,4,8,4,54,23,5,viernes,0,0
t420,2024-02-24,2024,1,1,2,febrero,2,4,8,4,55,24,6,sábado,0,1
t421,2024-02-25,2024,1,1,2,febrero,2,4,8,4,56,25,7,domingo,0,1
t422,2024-02-26,2024,1,1,2,febrero,2,4,9,4,57,26,1,lunes,0,0
t423,2024-02-27,2024,1,1,2,febrero,2,4,9,4,58,27,2,martes,0,0
t424,2024-02-28,2024,1,1,2,febrero,2,4,9,4,59,28,3,miércoles,0,0
t425,2024-02-29,2024,1,1,2,febrero,2,4,9,5,60,29,4,jueves,0,0
t426,2024-03-01,2024,1,1,3,marzo,1,5,9,1,61,1,5,viernes,0,0
t427,2024-03-02,2024,1,1,3,marzo,1,5,9,1,62,2,6,sábado,0,1
t428,2024-03-03,2024,1,1,3,marzo,1,5,9,1,63,3,7,domingo,0,1
t429,2024-03-04,2024,1,1,3,marzo,1,5,10,1,64,4,1,lunes,0,0
t430,2024-03-05,2024,1,1,3,marzo,1,5,10,1,65,5,2,martes,0,0
t431,2024-03-06,2024,1,1,3,marzo,1,5,10,1,66,6,3,miércoles,0,0
t432,2024-03-07,2024,1,1,3,marzo,1,5,10,1,67,7,4,jueves,0,0
t433,2024-03-08,2024,1,1,3,marzo,1,5,10,2,68,8,5,viernes,0,0
t434,2024-03-09,2024,1,1,3,marzo,1,5,10,2,69,9,6,sábado,0,1
t435,2024-03-10,2024,1,1,3,marzo,1,5,10,2,70,10,7,domingo,0,1
t436,2024-03-11,2024,1,1,3,marzo,1,5,11,2,71,11,1,lunes,0,0
t437,2024-03-12,2024,1,1,3,marzo,1,5,11,2,72,12,2,martes,0,0
t438,2024-03-13,2024,1,1,3,marzo,1,5,11,2,73,13,3,miércoles,0,0
t439,2024-03-14,2024,1,1,3,marzo,1,5,11,2,74,14,4,jueves,0,0
t440,2024-03-15,2024,1,1,3,marzo,1,5,11,3,75,15,5,viernes,0,0
t441,2024-03-16,2024,1,1,3,marzo,2,6,11,3,76,16,6,sábado,0,1
t442,2024-03-17,2024,1,1,3,marzo,2,6,11,3,77,17,7,domingo,0,1
t443,2024-03-18,2024,1,1,3,marzo,2,6,12,3,78,18,1,lunes,1,0
t444,2024-03-19,2024,1,1,3,marzo,2,6,12,3,79,19,2,martes,0,0
t445,2024-03-20,2024,1,1,3,marzo,2,6,12,3,80,20,3,miércoles,0,0
t446,2024-03-21,2024,1,1,3,marzo,2,6,12,3,81,21,4,jueves,0,0
t447,2024-03-22,2024,1,1,3,marzo,2,6,12,4,82,22,5,viernes,0,0
t448,2024-03-23,2024,1,1,3,marzo,2,6,12,4,83,23,6,sábado,0,1
t449,2024-03-24,2024,1,1,3,marzo,2,6,12,4,84,24,7,domingo,0,1
t450,2024-03-25,2024,1,1,3,marzo,2,6,13,4,85,25,1,lunes,0,0
t451,2024-03-26,2024,1,1,3,marzo,2,6,13,4,86,26,2,martes,0,0
t452,2024-03-27,2024,1,1,3,marzo,2,6,13,4,87,27,3,miércoles,0,0
t453,2024-03-28,2024,1,1,3,marzo,2,6,13,4,88,28,4,jueves,0,0
t454,2024-03-29,2024,1,1,3,marzo,2,6,13,5,89,29,5,viernes,0,0
t455,2024-03-30,2024,1,1,3,marzo,2,6,13,5,90,30,6,sábado,0,1
t456,2024-03-31,2024,1,1,3,marzo,2,6,13,5,91,31,7,domingo,0,1
t457,2024-04-01,2024,1,2,4,abril,1,7,14,1,92,1,1,lunes,0,0
t458,2024-04-02,2024,1,2,4,abril,1,7,14,1,93,2,2,martes,0,0
t459,2024-04-03,2024,1,2,4,abril,1,7,14,1,94,3,3,miércoles,0,0
t460,2024-04-04,2024,1,2,4,abril,1,7,14,1,95,4,4,jueves,0,0
t461,2024-04-05,2024,1,2,4,abril,1,7,14,1,96,5,5,viernes,0,0
t462,2024-04-06,2024,1,2,4,abril,1,7,14,1,97,6,6,sábado,0,1
t463,2024-04-07,2024,1,2,4,abril,1,7,14,1,98,7,7,domingo,0,1
t464,2024-04-08,2024,1,2,4,abril,1,7,15,2,99,8,1,lunes,0,0
t465,2024-04-09,2024,1,2,4,abril,1,7,15,2,100,9,2,martes,0,0
t466,2024-04-10,2024,1,2,4,abril,1,7,15,2,101,10,3,miércoles,0,0
t467,2024-04-11,2024,1,2,4,abril,1,7,15,2,102,11,4,jueves,0,0
t468,2024-04-12,2024,1,2,4,abril,1,7,15,2,103,12,5,viernes,0,0
t469,2024-04-13,2024,1,2,4,abril,1,7,15,2,104,13,6,sábado,0,1
t470,2024-04-14,2024,1,2,4,abril,1,7,15,2,105,14,7,domingo,0,1
t471,2024-04-15,2024,1,2,4,abril,1,7,16,3,106,15,1,lunes,0,0
t472,2024-04-16,2024,1,2,4,abril,2,8,16,3,107,16,2,martes,0,0
t473,2024-04-17,2024,1,2,4,abril,2,8,16,3,108,17,3,miércoles,0,0
t474,2024-04-18,2024,1,2,4,abril,2,8,16,3,109,18,4,jueves,0,0
t475,2024-04-19,2024,1,2,4,abril,2,8,16,3,110,19,5,viernes,0,0
t476,2024-04-20,2024,1,2,4,abril,2,8,16,3,111,20,6,sábado,0,1
t477,2024-04-21,2024,1,2,4,abril,2,8,16,3,112,21,7,domingo,0,1
t478,2024-04-22,2024,1,2,4,abril,2,8,17,4,113,22,1,lunes,0,0
t479,2024-04-23,2024,1,2,4,abril,2,8,17,4,114,23,2,martes,0,0
t480,2024-04-24,2024,1,2,4,abril,2,8,17,4,115,24,3,miércoles,0,0
t481,2024-04-25,2024,1,2,4,abril,2,8,17,4,116,25,4,jueves,0,0
t482,2024-04-26,2024,1,2,4,abril,2,8,17,4,117,26,5,viernes,0,0
t483,2024-04-27,2024,1,2,4,abril,2,8,17,4,118,27,6,sábado,0,1
t484,2024-04-28,2024,1,2,4,abril,2,8,17,4,119,28,7,domingo,0,1
t485,2024-04-29,2024,1,2,4,abril,2,8,18,5,120,29,1,lunes,0,0
t486,2024-04-30,2024,1,2,4,abril,2,8,18,5,121,30,2,martes,0,0
t487,2024-05-01,2024,1,2,5,mayo,1,9,18,1,122,1,3,miércoles,1,0
t488,2024-05-02,2024,1,2,5,mayo,1,9,18,1,123,2,4,jueves,0,0
t489,2024-05-03,2024,1,2,5,mayo,1,9,18,1,124,3,5,viernes,0,0
t490,2024-05-04,2024,1,2,5,mayo,1,9,18,1,125,4,6,sábado,0,1
t491,2024-05-05,2024,1,2,5,mayo,1,9,18,1,126,5,7,domingo,0,1
t492,2024-05-06,2024,1,2,5,mayo,1,9,19,1,127,6,1,lunes,0,0
t493,2024-05-07,2024,1,2,5,mayo,1,9,19,1,128,7,2,martes,0,0
t494,2024-05-08,2024,1,2,5,mayo,1,9,19,2,129,8,3,miércoles,0,0
t495,2024-05-09,2024,1,2,5,mayo,1,9,19,2,130,9,4,jueves,0,0
t496,2024-05-10,2024,1,2,5,mayo,1,9,19,2,131,10,5,viernes,1,0
t497,2024-05-11,2024,1,2,5,mayo,1,9,19,2,132,11,6,sábado,0,1
t498,2024-05-12,2024,1,2,5,mayo,1,9,19,2,133,12,7,domingo,0,1
t499,2024-05-13,2024,1,2,5,mayo,1,9,20,2,134,13,1,lunes,0,0
t500,2024-05-14,2024,1,2,5,mayo,1,9,20,2,135,14,2,martes,0,0
t501,2024-05-15,2024,1,2,5,mayo,1,9,20,3,136,15,3,miércoles,0,0
t502,2024-05-16,2024,1,2,5,mayo,2,10,20,3,137,16,4,jueves,0,0
t503,2024-05-17,2024,1,2,5,mayo,2,10,20,3,138,17,5,viernes,0,0
t504,2024-05-18,2024,1,2,5,mayo,2,10,20,3,139,18,6,sábado,0,1
t505,2024-05-19,2024,1,2,5,mayo,2,10,20,3,140,19,7,domingo,0,1
t506,2024-05-20,2024,1,2,5,mayo,2,10,21,3,141,20,1,lunes,0,0
t507,2024-05-21,2024,1,2,5,mayo,2,10,21,3,142,21,2,martes,0,0
t508,2024-05-22,2024,1,2,5,mayo,2,10,21,4,143,22,3,miércoles,0,0
t509,2024-05-23,2024,1,2,5,mayo,2,10,21,4,144,23,4,jueves,0,0
t510,2024-05-24,2024,1,2,5,mayo,2,10,21,4,145,24,5,viernes,0,0
t511,2024-05-25,2024,1,2,5,mayo,2,10,21,4,146,25,6,sábado,0,1
t512,2024-05-26,2024,1,2,5,mayo,2,10,21,4,147,26,7,domingo,0,1
t513,2024-05-27,2024,1,2,5,mayo,2,10,22,4,148,27,1,lunes,0,0
t514,2024-05-28,2024,1,2,5,mayo,2,10,22,4,149,28,2,martes,0,0
t515,2024-05-29,2024,1,2,5,mayo,2,10,22,5,150,29,3,miércoles,0,0
t516,2024-05-30,2024,1,2,5,mayo,2,10,22,5,151,30,4,jueves,0,0
t517,2024-05-31,2024,1,2,5,mayo,2,10,22,5,152,31,5,viernes,0,0
t518,2024-06-01,2024,1,2,6,junio,1,11,22,1,153,1,6,sábado,0,1
t519,2024-06-02,2024,1,2,6,junio,1,11,22,1,154,2,7,domingo,0,1
t520,2024-06-03,2024,1,2,6,junio,1,11,23,1,155,3,1,lunes,0,0
t521,2024-06-04,2024,1,2,6,junio,1,11,23,1,156,4,2,martes,0,0
t522,2024-06-05,2024,1,2,6,junio,1,11,23,1,157,5,3,miércoles,0,0
t523,2024-06-06,2024,1,2,6,junio,1,11,23,1,158,6,4,jueves,0,0
t524,2024-06-07,2024,1,2,6,junio,1,11,23,1,159,7,5,viernes,0,0
t525,2024-06-08,2024,1,2,6,junio,1,11,23,2,160,8,6,sábado,0,1
t526,2024-06-09,2024,1,2,6,junio,1,11,23,2,161,9,7,domingo,0,1
t527,2024-06-10,2024,1,2,6,junio,1,11,24,2,162,10,1,lunes,0,0
t528,2024-06-11,2024,1,2,6,junio,1,11,24,2,163,11,2,martes,0,0
t529,2024-06-12,2024,1,2,6,junio,1,11,24,2,164,12,3,miércoles,0,0
t530,2024-06-13,2024,1,2,6,junio,1,11,24,2,165,13,4,jueves,0,0
t531,2024-06-14,2024,1,2,6,junio,1,11,24,2,166,14,5,viernes,0,0
t532,2024-06-15,2024,1,2,6,junio,1,11,24,3,167,15,6,sábado,0,1
t533,2024-06-16,2024,1,2,6,junio,2,12,24,3,168,16,7,domingo,0,1
t534,2024-06-17,2024,1,2,6,junio,2,12,25,3,169,17,1,lunes,0,0
t535,2024-06-18,2024,1,2,6,junio,2,12,25,3,170,18,2,martes,0,0
t536,2024-06-19,2024,1,2,6,junio,2,12,25,3,171,19,3,miércoles,0,0
t537,2024-06-20,2024,1,2,6,junio,2,12,25,3,172,20,4,jueves,0,0
t538,2024-06-21,2024,1,2,6,junio,2,12,25,3,173,21,5,viernes,0,0
t539,2024-06-22,2024,1,2,6,junio,2,12,25,4,174,22,6,sábado,0,1
t540,2024-06-23,2024,1,2,6,junio,2,12,25,4,175,23,7,domingo,0,1
t541,2024-06-24,2024,1,2,6,junio,2,12,26,4,176,24,1,lunes,0,0
t542,2024-06-25,2024,1,2,6,junio,2,12,26,4,177,25,2,martes,0,0
t543,2024-06-26,2024,1,2,6,junio,2,12,26,4,178,26,3,miércoles,0,0
t544,2024-06-27,2024,1,2,6,junio,2,12,26,4,179,27,4,jueves,0,0
t545,2024-06-28,2024,1,2,6,junio,2,12,26,4,180,28,5,viernes,0,0
t546,2024-06-29,2024,1,2,6,junio,2,12,26,5,181,29,6,sábado,0,1
t547,2024-06-30,2024,1,2,6,junio,2,12,26,5,182,30,7,domingo,0,1
t548,2024-07-01,2024,2,3,7,julio,1,13,27,1,183,1,1,lunes,0,0
t549,2024-07-02,2024,2,3,7,julio,1,13,27,1,184,2,2,martes,0,0
t550,2024-07-03,2024,2,3,7,julio,1,13,27,1,185,3,3,miércoles,0,0
t551,2024-07-04,2024,2,3,7,julio,1,13,27,1,186,4,4,jueves,0,0
t552,2024-07-05,2024,2,3,7,julio,1,13,27,1,187,5,5,viernes,0,0
t553,2024-07-06,2024,2,3,7,julio,1,13,27,1,188,6,6,sábado,0,1
t554,2024-07-07,2024,2,3,7,julio,1,13,27,1,189,7,7,domingo,0,1
t555,2024-07-08,2024,2,3,7,julio,1,13,28,2,190,8,1,lunes,0,0
t556,2024-07-09,2024,2,3,7,julio,1,13,28,2,191,9,2,martes,0,0
t557,2024-07-10,2024,2,3,7,julio,1,13,28,2,192,10,3,miércoles,0,0
t558,2024-07-11,2024,2,3,7,julio,1,13,28,2,193,11,4,jueves,0,0
t559,2024-07-12,2024,2,3,7,julio,1,13,28,2,194,12,5,viernes,0,0
t560,2024-07-13,2024,2,3,7,julio,1,13,28,2,195,13,6,sábado,0,1
t561,2024-07-14,2024,2,3,7,julio,1,13,28,2,196,14,7,domingo,0,1
t562,2024-07-15,2024,2,3,7,julio,1,13,29,3,197,15,1,lunes,0,0
t563,2024-07-16,2024,2,3,7,julio,2,14,29,3,198,16,2,martes,0,0
t564,2024-07-17,2024,2,3,7,julio,2,14,29,3,199,17,3,miércoles,0,0
t565,2024-07-18,2024,2,3,7,julio,2,14,29,3,200,18,4,jueves,0,0
t566,2024-07-19,2024,2,3,7,julio,2,14,29,3,201,19,5,viernes,0,0
t567,2024-07-20,2024,2,3,7,julio,2,14,29,3,202,20,6,sábado,0,1
t568,2024-07-21,2024,2,3,7,julio,2,14,29,3,203,21,7,domingo,0,1
t569,2024-07-22,2024,2,3,7,julio,2,14,30,4,204,22,1,lunes,0,0
t570,2024-07-23,2024,2,3,7,julio,2,14,30,4,205,23,2,martes,0,0
t571,2024-07-24,2024,2,3,7,julio,2,14,30,4,206,24,3,miércoles,0,0
t572,2024-07-25,2024,2,3,7,julio,2,14,30,4,207,25,4,jueves,0,0
t573,2024-07-26,2024,2,3,7,julio,2,14,30,4,208,26,5,viernes,0,0
t574,2024-07-27,2024,2,3,7,julio,2,14,30,4,209,27,6,sábado,0,1
t575,2024-07-28,2024,2,3,7,julio,2,14,30,4,210,28,7,domingo,0,1
t576,2024-07-29,2024,2,3,7,julio,2,14,31,5,211,29,1,lunes,0,0
t577,2024-07-30,2024,2,3,7,julio,2,14,31,5,212,30,2,martes,0,0
t578,2024-07-31,2024,2,3,7,julio,2,14,31,5,213,31,3,miércoles,0,0
t579,2024-08-01,2024,2,3,8,agosto,1,15,31,1,214,1,4,jueves,0,0
t580,2024-08-02,2024,2,3,8,agosto,1,15,31,1,215,2,5,viernes,0,0
t581,2024-08-03,2024,2,3,8,agosto,1,15,31,1,216,3,6,sábado,0,1
t582,2024-08-04,2024,2,3,8,agosto,1,15,31,1,217,4,7,domingo,0,1
t583,2024-08-05,2024,2,3,8,agosto,1,15,32,1,218,5,1,lunes,0,0
t584,2024-08-06,2024,2,3,8,agosto,1,15,32,1,219,6,2,martes,0,0
t585,2024-08-07,2024,2,3,8,agosto,1,15,32,1,220,7,3,miércoles,0,0
t586,2024-08-08,2024,2,3,8,agosto,1,15,32,2,221,8,4,jueves,0,0
t587,2024-08-09,2024,2,3,8,agosto,1,15,32,2,222,9,5,viernes,0,0
t588,2024-08-10,2024,2,3,8,agosto,1,15,32,2,223,10,6,sábado,0,1
t589,2024-08-11,2024,2,3,8,agosto,1,15,32,2,224,11,7,domingo,0,1
t590,2024-08-12,2024,2,3,8,agosto,1,15,33,2,225,12,1,lunes,0,0
t591,2024-08-13,2024,2,3,8,agosto,1,15,33,2,226,13,2,martes,0,0
t592,2024-08-14,2024,2,3,8,agosto,1,15,33,2,227,14,3,miércoles,0,0
t593,2024-08-15,2024,2,3,8,agosto,1,15,33,3,228,15,4,jueves,0,0
t594,2024-08-16,2024,2,3,8,agosto,2,16,33,3,229,16,5,viernes,0,0
t595,2024-08-17,2024,2,3,8,agosto,2,16,33,3,230,17,6,sábado,0,1
t596,2024-08-18,2024,2,3,8,agosto,2,16,33,3,231,18,7,domingo,0,1
t597,2024-08-19,2024,2,3,8,agosto,2,16,34,3,232,19,1,lunes,0,0
t598,2024-08-20,2024,2,3,8,agosto,2,16,34,3,233,20,2,martes,0,0
t599,2024-08-21,2024,2,3,8,agosto,2,16,34,3,234,21,3,miércoles,0,0
t600,2024-08-22,2024,2,3,8,agosto,2,16,34,4,235,22,4,jueves,0,0
t601,2024-08-23,2024,2,3,8,agosto,2,16,34,4,236,23,5,viernes,0,0
t602,2024-08-24,2024,2,3,8,agosto,2,16,34,4,237,24,6,sábado,0,1
t603,2024-08-25,2024,2,3,8,agosto,2,16,34,4,238,25,7,domingo,0,1
t604,2024-08-26,2024,2,3,8,agosto,2,16,35,4,239,26,1,lunes,0,0
t605,2024-08-27,2024,2,3,8,agosto,2,16,35,4,240,27,2,martes,0,0
t606,2024-08-28,2024,2,3,8,agosto,2,16,35,4,241,28,3,miércoles,0,0
t607,2024-08-29,2024,2,3,8,agosto,2,16,35,5,242,29,4,jueves,0,0
t608,2024-08-30,2024,2,3,8,agosto,2,16,35,5,243,30,5,viernes,0,0
t609,2024-08-31,2024,2,3,8,agosto,2,16,35,5,244,31,6,sábado,0,1
t610,2024-09-01,2024,2,3,9,septiembre,1,17,35,1,245,1,7,domingo,0,1
t611,2024-09-02,2024,2,3,9,septiembre,1,17,36,1,246,2,1,lunes,0,0
t612,2024-09-03,2024,2,3,9,septiembre,1,17,36,1,247,3,2,martes,0,0
t613,2024-09-04,2024,2,3,9,septiembre,1,17,36,1,248,4,3,miércoles,0,0
t614,2024-09-05,2024,2,3,9,septiembre,1,17,36,1,249,5,4,jueves,0,0
t615,2024-09-06,2024,2,3,9,septiembre,1,17,36,1,250,6,5,viernes,0,0
t616,2024-09-07,2024,2,3,9,septiembre,1,17,36,1,251,7,6,sábado,0,1
t617,2024-09-08,2024,2,3,9,septiembre,1,17,36,2,252,8,7,domingo,0,1
t618,2024-09-09,2024,2,3,9,septiembre,1,17,37,2,253,9,1,lunes,0,0
t619,2024-09-10,2024,2,3,9,septiembre,1,17,37,2,254,10,2,martes,0,0
t620,2024-09-11,2024,2,3,9,septiembre,1,17,37,2,255,11,3,miércoles,0,0
t621,2024-09-12,2024,2,3,9,septiembre,1,17,37,2,256,12,4,jueves,0,0
t622,2024-09-13,2024,2,3,9,septiembre,1,17,37,2,257,13,5,viernes,0,0
t623,2024-09-14,2024,2,3,9,septiembre,1,17,37,2,258,14,6,sábado,0,1
t624,2024-09-15,2024,2,3,9,septiembre,1,17,37,3,259,15,7,domingo,0,1
t625,2024-09-16,2024,2,3,9,septiembre,2,18,38,3,260,16,1,lunes,1,0
t626,2024-09-17,2024,2,3,9,septiembre,2,18,38,3,261,17,2,martes,0,0
t627,2024-09-18,2024,2,3,9,septiembre,2,18,38,3,262,18,3,miércoles,0,0
t628,2024-09-19,2024,2,3,9,septiembre,2,18,38,3,263,19,4,jueves,0,0
t629,2024-09-20,2024,2,3,9,septiembre,2,18,38,3,264,20,5,viernes,0,0
t630,2024-09-21,2024,2,3,9,septiembre,2,18,38,3,265,21,6,sábado,0,1
t631,2024-09-22,2024,2,3,9,septiembre,2,18,38,4,266,22,7,domingo,0,1
t632,2024-09-23,2024,2,3,9,septiembre,2,18,39,4,267,23,1,lunes,0,0
t633,2024-09-24,2024,2,3,9,septiembre,2,18,39,4,268,24,2,martes,0,0
t634,2024-09-25,2024,2,3,9,septiembre,2,18,39,4,269,25,3,miércoles,0,0
t635,2024-09-26,2024,2,3,9,septiembre,2,18,39,4,270,26,4,jueves,0,0
t636,2024-09-27,2024,2,3,9,septiembre,2,18,39,4,271,27,5,viernes,0,0
t637,2024-09-28,2024,2,3,9,septiembre,2,18,39,4,272,28,6,sábado,0,1
t638,2024-09-29,2024,2,3,9,septiembre,2,18,39,5,273,29,7,domingo,0,1
t639,2024-09-30,2024,2,3,9,septiembre,2,18,40,5,274,30,1,lunes,0,0
t640,2024-10-01,2024,2,4,10,octubre,1,19,40,1,275,1,2,martes,0,0
t641,2024-10-02,2024,2,4,10,octubre,1,19,40,1,276,2,3,miércoles,0,0
t642,2024-10-03,2024,2,4,10,octubre,1,19,40,1,277,3,4,jueves,0,0
t643,2024-10-04,2024,2,4,10,octubre,1,19,40,1,278,4,5,viernes,0,0
t644,2024-10-05,2024,2,4,10,octubre,1,19,40,1,279,5,6,sábado,0,1
t645,2024-10-06,2024,2,4,10,octubre,1,19,40,1,280,6,7,domingo,0,1
t646,2024-10-07,2024,2,4,10,octubre,1,19,41,1,281,7,1,lunes,0,0
t647,2024-10-08,2024,2,4,10,octubre,1,19,41,2,282,8,2,martes,0,0
t648,2024-10-09,2024,2,4,10,octubre,1,19,41,2,283,9,3,miércoles,0,0
t649,2024-10-10,2024,2,4,10,octubre,1,19,41,2,284,10,4,jueves,0,0
t650,2024-10-11,2024,2,4,10,octubre,1,19,41,2,285,11,5,viernes,0,0
t651,2024-10-12,2024,2,4,10,octubre,1,19,41,2,286,12,6,sábado,0,1
t652,2024-10-13,2024,2,4,10,octubre,1,19,41,2,287,13,7,domingo,0,1
t653,2024-10-14,2024,2,4,10,octubre,1,19,42,2,288,14,1,lunes,0,0
t654,2024-10-15,2024,2,4,10,octubre,1,19,42,3,289,15,2,martes,0,0
t655,2024-10-16,2024,2,4,10,octubre,2,20,42,3,290,16,3,miércoles,0,0
t656,2024-10-17,2024,2,4,10,octubre,2,20,42,3,291,17,4,jueves,0,0
t657,2024-10-18,2024,2,4,10,octubre,2,20,42,3,292,18,5,viernes,0,0
t658,2024-10-19,2024,2,4,10,octubre,2,20,42,3,293,19,6,sábado,0,1
t659,2024-10-20,2024,2,4,10,octubre,2,20,42,3,294,20,7,domingo,0,1
t660,2024-10-21,2024,2,4,10,octubre,2,20,43,3,295,21,1,lunes,0,0
t661,2024-10-22,2024,2,4,10,octubre,2,20,43,4,296,22,2,martes,0,0
t662,2024-10-23,2024,2,4,10,octubre,2,20,43,4,297,23,3,miércoles,0,0
t663,2024-10-24,2024,2,4,10,octubre,2,20,43,4,298,24,4,jueves,0,0
t664,2024-10-25,2024,2,4,10,octubre,2,20,43,4,299,25,5,viernes,0,0
t665,2024-10-26,2024,2,4,10,octubre,2,20,43,4,300,26,6,sábado,0,1
t666,2024-10-27,2024,2,4,10,octubre,2,20,43,4,301,27,7,domingo,0,1
t667,2024-10-28,2024,2,4,10,octubre,2,20,44,4,302,28,1,lunes,0,0
t668,2024-10-29,2024,2,4,10,octubre,2,20,44,5,303,29,2,martes,0,0
t669,2024-10-30,2024,2,4,10,octubre,2,20,44,5,304,30,3,miércoles,0,0
t670,2024-10-31,2024,2,4,10,octubre,2,20,44,5,305,31,4,jueves,0,0
t671,2024-11-01,2024,2,4,11,noviembre,1,21,44,1,306,1,5,viernes,0,0
t672,2024-11-02,2024,2,4,11,noviembre,1,21,44,1,307,2,6,sábado,1,1
t673,2024-11-03,2024,2,4,11,noviembre,1,21,44,1,308,3,7,domingo,0,1
t674,2024-11-04,2024,2,4,11,noviembre,1,21,45,1,309,4,1,lunes,0,0
t675,2024-11-05,2024,2,4,11,noviembre,1,21,45,1,310,5,2,martes,0,0
t676,2024-11-06,2024,2,4,11,noviembre,1,21,45,1,311,6,3,miércoles,0,0
t677,2024-11-07,2024,2,4,11,noviembre,1,21,45,1,312,7,4,jueves,0,0
t678,2024-11-08,2024,2,4,11,noviembre,1,21,45,2,313,8,5,viernes,0,0
t679,2024-11-09,2024,2,4,11,noviembre,1,21,45,2,314,9,6,sábado,0,1
t680,2024-11-10,2024,2,4,11,noviembre,1,21,45,2,315,10,7,domingo,0,1
t681,2024-11-11,2024,2,4,11,noviembre,1,21,46,2,316,11,1,lunes,0,0
t682,2024-11-12,2024,2,4,11,noviembre,1,21,46,2,317,12,2,martes,0,0
t683,2024-11-13,2024,2,4,11,noviembre,1,21,46,2,318,13,3,miércoles,0,0
t684,2024-11-14,2024,2,4,11,noviembre,1,21,46,2,319,14,4,jueves,0,0
t685,2024-11-15,2024,2,4,11,noviembre,1,21,46,3,320,15,5,viernes,0,0
t686,2024-11-16,2024,2,4,11,noviembre,2,22,46,3,321,16,6,sábado,0,1
t687,2024-11-17,2024,2,4,11,noviembre,2,22,46,3,322,17,7,domingo,0,1
t688,2024-11-18,2024,2,4,11,noviembre,2,22,47,3,323,18,1,lunes,1,0
t689,2024-11-19,2024,2,4,11,noviembre,2,22,47,3,324,19,2,martes,0,0
t690,2024-11-20,2024,2,4,11,noviembre,2,22,47,3,325,20,3,miércoles,0,0
t691,2024-11-21,2024,2,4,11,noviembre,2,22,47,3,326,21,4,jueves,0,0
t692,2024-11-22,2024,2,4,11,noviembre,2,22,47,4,327,22,5,viernes,0,0
t693,2024-11-23,2024,2,4,11,noviembre,2,22,47,4,328,23,6,sábado,0,1
t694,2024-11-24,2024,2,4,11,noviembre,2,22,47,4,329,24,7,domingo,0,1
t695,2024-11-25,2024,2,4,11,noviembre,2,22,48,4,330,25,1,lunes,0,0
t696,2024-11-26,2024,2,4,11,noviembre,2,22,48,4,331,26,2,martes,0,0
t697,2024-11-27,2024,2,4,11,noviembre,2,22,48,4,332,27,3,miércoles,0,0
t698,2024-11-28,2024,2,4,11,noviembre,2,22,48,4,333,28,4,jueves,0,0
t699,2024-11-29,2024,2,4,11,noviembre,2,22,48,5,334,29,5,viernes,0,0
t700,2024-11-30,2024,2,4,11,noviembre,2,22,48,5,335,30,6,sábado,0,1
t701,2024-12-01,2024,2,4,12,diciembre,1,23,48,1,336,1,7,domingo,0,1
t702,2024-12-02,2024,2,4,12,diciembre,1,23,49,1,337,2,1,lunes,0,0
t703,2024-12-03,2024,2,4,12,diciembre,1,23,49,1,338,3,2,martes,0,0
t704,2024-12-04,2024,2,4,12,diciembre,1,23,49,1,339,4,3,miércoles,0,0
t705,2024-12-05,2024,2,4,12,diciembre,1,23,49,1,340,5,4,jueves,0,0
t706,2024-12-06,2024,2,4,12,diciembre,1,23,49,1,341,6,5,viernes,0,0
t707,2024-12-07,2024,2,4,12,diciembre,1,23,49,1,342,7,6,sábado,0,1
t708,2024-12-08,2024,2,4,12,diciembre,1,23,49,2,343,8,7,domingo,0,1
t709,2024-12-09,2024,2,4,12,diciembre,1,23,50,2,344,9,1,lunes,0,0
t710,2024-12-10,2024,2,4,12,diciembre,1,23,50,2,345,10,2,martes,0,0
t711,2024-12-11,2024,2,4,12,diciembre,1,23,50,2,346,11,3,miércoles,0,0
t712,2024-12-12,2024,2,4,12,diciembre,1,23,50,2,347,12,4,jueves,1,0
t713,2024-12-13,2024,2,4,12,diciembre,1,23,50,2,348,13,5,viernes,0,0
t714,2024-12-14,2024,2,4,12,diciembre,1,23,50,2,349,14,6,sábado,0,1
t715,2024-12-15,2024,2,4,12,diciembre,1,23,50,3,350,15,7,domingo,0,1
t716,2024-12-16,2024,2,4,12,diciembre,2,24,51,3,351,16,1,lunes,0,0
t717,2024-12-17,2024,2,4,12,diciembre,2,24,51,3,352,17,2,martes,0,0
t718,2024-12-18,2024,2,4,12,diciembre,2,24,51,3,353,18,3,miércoles,0,0
t719,2024-12-19,2024,2,4,12,diciembre,2,24,51,3,354,19,4,jueves,0,0
t720,2024-12-20,2024,2,4,12,diciembre,2,24,51,3,355,20,5,viernes,0,0
t721,2024-12-21,2024,2,4,12,diciembre,2,24,51,3,356,21,6,sábado,0,1
t722,2024-12-22,2024,2,4,12,diciembre,2,24,51,4,357,22,7,domingo,0,1
t723,2024-12-23,2024,2,4,12,diciembre,2,24,52,4,358,23,1,lunes,0,0
t724,2024-12-24,2024,2,4,12,diciembre,2,24,52,4,359,24,2,martes,0,0
t725,2024-12-25,2024,2,4,12,diciembre,2,24,52,4,360,25,3,miércoles,1,0
t726,2024-12-26,2024,2,4,12,diciembre,2,24,52,4,361,26,4,jueves,0,0
t727,2024-12-27,2024,2,4,12,diciembre,2,24,52,4,362,27,5,viernes,0,0
t728,2024-12-28,2024,2,4,12,diciembre,2,24,52,4,363,28,6,sábado,0,1
t729,2024-12-29,2024,2,4,12,diciembre,2,24,52,5,364,29,7,domingo,0,1
t730,2024-12-30,2024,2,4,12,diciembre,2,24,53,5,365,30,1,lunes,0,0
t731,2024-12-31,2024,2,4,12,diciembre,2,24,53,5,366,31,2,martes,0,0
