H001,ESP01
H016,ESP01
H031,ESP01
H046,ESP01
H002,ESP02
H007,ESP02
H017,ESP02
H022,ESP02
H032,ESP02
H037,ESP02
H047,ESP02
H052,ESP02
H003,ESP03
H018,ESP03
H033,ESP03
H048,ESP03
H004,ESP04
H019,ESP04
H034,ESP04
H049,ESP04
H005,ESP05
H020,ESP05
H035,ESP05
H050,ESP05
H006,ESP06
H021,ESP06
H036,ESP06
H051,ESP06
H008,ESP07
H023,ESP07
H038,ESP07
H053,ESP07
H009,ESP08
H024,ESP08
H039,ESP08
H054,ESP08
H010,ESP09
H025,ESP09
H040,ESP09
H055,ESP09
H011,ESP10
H026,ESP10
H041,ESP10
H056,ESP10
H012,ESP11
H027,ESP11
H042,ESP11
H057,ESP11
H013,ESP12
H028,ESP12
H043,ESP12
H058,ESP12
H014,ESP13
H029,ESP13
H044,ESP13
H059,ESP13
H015,ESP14
H030,ESP14
H045,ESP14
H060,ESP14
